<?xml version="1.0" encoding="UTF-8"?>
<!DOCTYPE properties SYSTEM "http://java.sun.com/dtd/properties.dtd">
<properties>
    <comment>ISO 639-3 Standard</comment>
    <entry key="afr">Afrikaans</entry>
    <entry key="amh">Amharic</entry>
    <entry key="ara">Arabic</entry>
    <entry key="asm">Assamese</entry>
    <entry key="aze">Azerbaijani</entry>
    <entry key="aze_cyrl">Azerbaijani - Cyrillic</entry>
    <entry key="bel">Belarusian</entry>
    <entry key="ben">Bengali</entry>
    <entry key="bod">Tibetan</entry>
    <entry key="bos">Bosnian</entry>
    <entry key="bre">Breton</entry>
    <entry key="bul">Bulgarian</entry>
    <entry key="cat">Catalan; Valencian</entry>
    <entry key="ceb">Cebuano</entry>
    <entry key="ces">Czech</entry>
    <entry key="chi_sim">Chinese - Simplified</entry>
    <entry key="chi_tra">Chinese - Traditional</entry>
    <entry key="chr">Cherokee</entry>
    <entry key="cos">Corsican</entry>
    <entry key="cym">Welsh</entry>
    <entry key="dan">Danish</entry>
    <entry key="deu">German</entry>
    <entry key="div">Dhivehi</entry>
    <entry key="dzo">Dzongkha</entry>
    <entry key="ell">Greek, Modern (1453-)</entry>
    <entry key="eng">English</entry>
    <entry key="enm">English, Middle (1100-1500)</entry>
    <entry key="epo">Esperanto</entry>
    <entry key="est">Estonian</entry>
    <entry key="eus">Basque</entry>
    <entry key="fao">Faroese</entry>
    <entry key="fas">Persian</entry>
    <entry key="fil">Filipino</entry>
    <entry key="fin">Finnish</entry>
    <entry key="fra">French</entry>
    <entry key="frk">Frankish</entry>
    <entry key="frm">French, Middle (ca. 1400-1600)</entry>
    <entry key="fry">Western Frisian</entry>
    <entry key="gla">Scottish Gaelic</entry>
    <entry key="gle">Irish</entry>
    <entry key="glg">Galician</entry>
    <entry key="grc">Greek, Ancient (-1453)</entry>
    <entry key="guj">Gujarati</entry>
    <entry key="hat">Haitian; Haitian Creole</entry>
    <entry key="heb">Hebrew</entry>
    <entry key="hin">Hindi</entry>
    <entry key="hrv">Croatian</entry>
    <entry key="hun">Hungarian</entry>
    <entry key="hye">Armenian</entry>
    <entry key="iku">Inuktitut</entry>
    <entry key="ind">Indonesian</entry>
    <entry key="isl">Icelandic</entry>
    <entry key="ita">Italian</entry>
    <entry key="ita_old">Italian - Old</entry>
    <entry key="jav">Javanese</entry>
    <entry key="jpn">Japanese</entry>
    <entry key="kan">Kannada</entry>
    <entry key="kat">Georgian</entry>
    <entry key="kat_old">Georgian - Old</entry>
    <entry key="kaz">Kazakh</entry>
    <entry key="khm">Central Khmer</entry>
    <entry key="kir">Kirghiz; Kyrgyz</entry>
    <entry key="kmr">Northern Kurdish</entry>
    <entry key="kor">Korean</entry>
    <entry key="kur">Kurdish</entry>
    <entry key="lao">Lao</entry>
    <entry key="lat">Latin</entry>
    <entry key="lav">Latvian</entry>
    <entry key="lit">Lithuanian</entry>
    <entry key="ltz">Luxembourgish</entry>
    <entry key="mal">Malayalam</entry>
    <entry key="mar">Marathi</entry>
    <entry key="mkd">Macedonian</entry>
    <entry key="mlt">Maltese</entry>
    <entry key="mon">Mongolian</entry>
    <entry key="mri">Maori</entry>
    <entry key="msa">Malay</entry>
    <entry key="mya">Burmese</entry>
    <entry key="nep">Nepali</entry>
    <entry key="nld">Dutch; Flemish</entry>
    <entry key="nor">Norwegian</entry>
    <entry key="oci">Occitan (post 1500)</entry>
    <entry key="ori">Oriya</entry>
    <entry key="pan">Panjabi; Punjabi</entry>
    <entry key="pol">Polish</entry>
    <entry key="por">Portuguese</entry>
    <entry key="pus">Pushto; Pashto</entry>
    <entry key="que">Quechua</entry>
    <entry key="ron">Romanian; Moldavian; Moldovan</entry>
    <entry key="rus">Russian</entry>
    <entry key="san">Sanskrit</entry>
    <entry key="sin">Sinhala; Sinhalese</entry>
    <entry key="slk">Slovak</entry>
    <entry key="slv">Slovenian</entry>
    <entry key="snd">Sindhi</entry>
    <entry key="spa">Spanish; Castilian</entry>
    <entry key="spa_old">Spanish; Castilian - Old</entry>
    <entry key="sqi">Albanian</entry>
    <entry key="srp">Serbian</entry>
    <entry key="srp_latn">Serbian - Latin</entry>
    <entry key="sun">Sundanese</entry>
    <entry key="swa">Swahili</entry>
    <entry key="swe">Swedish</entry>
    <entry key="syr">Syriac</entry>
    <entry key="tam">Tamil</entry>
    <entry key="tat">Tatar</entry>
    <entry key="tel">Telugu</entry>
    <entry key="tgk">Tajik</entry>
    <entry key="tgl">Tagalog</entry>
    <entry key="tha">Thai</entry>
    <entry key="tir">Tigrinya</entry>
    <entry key="ton">Tonga (Tonga Islands)</entry>
    <entry key="tur">Turkish</entry>
    <entry key="uig">Uighur; Uyghur</entry>
    <entry key="ukr">Ukrainian</entry>
    <entry key="urd">Urdu</entry>
    <entry key="uzb">Uzbek</entry>
    <entry key="uzb_cyrl">Uzbek - Cyrillic</entry>
    <entry key="vie">Vietnamese</entry>
    <entry key="yid">Yiddish</entry>
    <entry key="yor">Yoruba</entry>
</properties>
