<?xml version="1.0" encoding="UTF-8" standalone="yes"?>
<!-- =========================================================================================== -->
<!--                                                                                             -->
<!--                           s y s t e m - a c t i o n s . x m l                               -->
<!--                                                                                             -->
<!-- =========================================================================================== -->

<!--
     This file gathers the classes to be loaded as UI actions.
     This class collection can be augmented by classes in user-actions.xml file
     
     The order of menus in the menu bar are predefined, but the order of items
     within a section depends on this.
     -->
     
<actions>
    
    <action domain="FILE" section="10" class="org.audiveris.omr.sheet.ui.BookActions" menu="inputHistory"           button="javax.swing.JButton"/>
    <action domain="FILE" section="10" class="org.audiveris.omr.sheet.ui.BookActions" method="openImageFiles"        button="javax.swing.JButton"/>
    <action domain="FILE" section="70" class="org.audiveris.omr.ui.GuiActions"        method="exit"/>

    <action domain="BOOK" section="05" class="org.audiveris.omr.sheet.ui.BookActions" menu="bookHistory"            button="javax.swing.JButton"/>
    <action domain="BOOK" section="05" class="org.audiveris.omr.sheet.ui.BookActions" method="openRecentBook"/>
    <action domain="BOOK" section="05" class="org.audiveris.omr.sheet.ui.BookActions" method="openBooks"            button="javax.swing.JButton"/>
    <action domain="BOOK" section="07" class="org.audiveris.omr.sheet.ui.BookActions" method="splitAndMerge"/>
    <action domain="BOOK" section="07" class="org.audiveris.omr.sheet.ui.BookActions" method="defineParameters"     button="javax.swing.JButton"/>
    <action domain="BOOK" section="10" class="org.audiveris.omr.sheet.ui.BookActions" method="resetBookToGray"/>
    <action domain="BOOK" section="10" class="org.audiveris.omr.sheet.ui.BookActions" method="resetBookToBinary"/>
    <action domain="BOOK" section="15" class="org.audiveris.omr.sheet.ui.BookActions" method="transcribeBook"       button="javax.swing.JButton"/>
    <action domain="BOOK" section="15" class="org.audiveris.omr.sheet.ui.BookActions" method="stopTranscription"    button="javax.swing.JButton"/>
    <action domain="BOOK" section="15" class="org.audiveris.omr.sheet.ui.BookActions" method="rebuildScores"/>
    <action domain="BOOK" section="25" class="org.audiveris.omr.sheet.ui.BookActions" method="swapSheets"/>
    <action domain="BOOK" section="25" class="org.audiveris.omr.sheet.ui.BookActions" method="selectSheets"/>
    <action domain="BOOK" section="30" class="org.audiveris.omr.sheet.ui.BookActions" method="printBook"            button="javax.swing.JButton"/>
    <action domain="BOOK" section="30" class="org.audiveris.omr.sheet.ui.BookActions" method="printBookAs"/>
    <action domain="BOOK" section="40" class="org.audiveris.omr.sheet.ui.BookActions" method="exportBook"/>
    <action domain="BOOK" section="40" class="org.audiveris.omr.sheet.ui.BookActions" method="exportBookAs"/>
    <action domain="BOOK" section="45" class="org.audiveris.omr.sheet.ui.BookActions" method="sampleBook"         topic="SAMPLES"/>
    <action domain="BOOK" section="45" class="org.audiveris.omr.sheet.ui.BookActions" method="browseBookSamples"  topic="SAMPLES"/>
    <action domain="BOOK" section="45" class="org.audiveris.omr.sheet.ui.BookActions" method="saveBookRepository" topic="SAMPLES"/>
    <action domain="BOOK" section="45" class="org.audiveris.omr.sheet.ui.BookActions" method="annotateBook"       topic="ANNOTATIONS"/>
    <action domain="BOOK" section="50" class="org.audiveris.omr.sheet.ui.BookActions" method="upgradeBook"/>
    <action domain="BOOK" section="50" class="org.audiveris.omr.sheet.ui.BookActions" method="saveBook"             button="javax.swing.JButton"/>
    <action domain="BOOK" section="50" class="org.audiveris.omr.sheet.ui.BookActions" method="saveBookAs"/>
    <action domain="BOOK" section="60" class="org.audiveris.omr.sheet.ui.BookActions" method="closeBook"/>
    
    <action domain="SHEET" section="05" class="org.audiveris.omr.sheet.ui.BookActions" method="undo"                button="javax.swing.JButton"/>
    <action domain="SHEET" section="05" class="org.audiveris.omr.sheet.ui.BookActions" method="redo"                button="javax.swing.JButton"/>
    <action domain="SHEET" section="05" class="org.audiveris.omr.sheet.ui.BookActions" method="toggleRepetitiveInput"     item="javax.swing.JCheckBoxMenuItem"   button="javax.swing.JToggleButton" />
    <action domain="SHEET" section="15" class="org.audiveris.omr.sheet.ui.BookActions" method="transcribeSheet"/>
    <action domain="SHEET" section="18" class="org.audiveris.omr.sheet.ui.BookActions" method="toggleSheetValidity"/>
    <action domain="SHEET" section="19" class="org.audiveris.omr.sheet.ui.BookActions" method="defineSheetScaling"  button="javax.swing.JButton"/>
    <action domain="SHEET" section="20" class="org.audiveris.omr.sheet.ui.BookActions" method="plotScale"               topic="PLOTS"/>
    <action domain="SHEET" section="20" class="org.audiveris.omr.sheet.ui.BookActions" method="plotStem"                topic="PLOTS"/>
    <action domain="SHEET" section="20" class="org.audiveris.omr.sheet.ui.BookActions" method="plotStaves"              topic="PLOTS"/>
    <action domain="SHEET" section="25" class="org.audiveris.omr.sheet.ui.BookActions" method="displayGray"/>
    <action domain="SHEET" section="25" class="org.audiveris.omr.sheet.ui.BookActions" method="displayBinary"/>
    <action domain="SHEET" section="25" class="org.audiveris.omr.sheet.ui.BookActions" method="displayData"/>
    <action domain="SHEET" section="25" class="org.audiveris.omr.sheet.ui.BookActions" method="displayNoStaff"          topic="SPECIFIC_VIEWS"/>
    <action domain="SHEET" section="25" class="org.audiveris.omr.sheet.ui.BookActions" method="displayStaffLineGlyphs"  topic="SPECIFIC_VIEWS"/>
    <action domain="SHEET" section="30" class="org.audiveris.omr.sheet.ui.BookActions" method="printSheetAs"/>
    <action domain="SHEET" section="40" class="org.audiveris.omr.sheet.ui.BookActions" method="exportSheetAs"/>
    <action domain="SHEET" section="50" class="org.audiveris.omr.sheet.ui.BookActions" method="sampleSheet"             topic="SAMPLES"/>
    <action domain="SHEET" section="50" class="org.audiveris.omr.sheet.ui.BookActions" method="annotateSheet"           topic="ANNOTATIONS"/>

<!--    STEP menu is generated automatically and thus not listed here -->

    <action domain="VIEW" section="10" class="org.audiveris.omr.sheet.ui.BookActions"  method="zoomWidth"                                                  button="javax.swing.JButton"/>
    <action domain="VIEW" section="10" class="org.audiveris.omr.sheet.ui.BookActions"  method="zoomHeight"                                                 button="javax.swing.JButton"/>
    <action domain="VIEW" section="20" class="org.audiveris.omr.ui.ViewParameters"     method="toggleInvalidSheets"                         item="javax.swing.JCheckBoxMenuItem"/>
    <action domain="VIEW" section="30" class="org.audiveris.omr.ui.ViewParameters"     method="toggleTranslucency"  item="javax.swing.JCheckBoxMenuItem"/>
    <action domain="VIEW" section="30" class="org.audiveris.omr.ui.ViewParameters"     method="toggleJumbos"        item="javax.swing.JCheckBoxMenuItem"   button="javax.swing.JToggleButton" />
    <action domain="VIEW" section="30" class="org.audiveris.omr.ui.ViewParameters"     method="toggleVoices"        item="javax.swing.JCheckBoxMenuItem"   button="javax.swing.JToggleButton" />
    <action domain="VIEW" section="30" class="org.audiveris.omr.ui.ViewParameters"     method="toggleErrors"        item="javax.swing.JCheckBoxMenuItem"   button="javax.swing.JToggleButton"/>
    <action domain="VIEW" section="30" class="org.audiveris.omr.ui.ViewParameters"     method="switchSelections"                                           button="javax.swing.JButton" topic="SPECIFIC_VIEWS"/>
    <action domain="VIEW" section="30" class="org.audiveris.omr.ui.ViewParameters"     method="switchLayers"                                               button="javax.swing.JButton"/>
    <action domain="VIEW" section="40" class="org.audiveris.omr.ui.ViewParameters"     method="toggleSlots"                                 item="javax.swing.JCheckBoxMenuItem"/>
    <action domain="VIEW" section="40" class="org.audiveris.omr.ui.ViewParameters"     method="toggleAnnotations"                           item="javax.swing.JCheckBoxMenuItem"/>
    <action domain="VIEW" section="40" class="org.audiveris.omr.ui.ViewParameters"     method="toggleChordIds"                              item="javax.swing.JCheckBoxMenuItem"/>
    <action domain="VIEW" section="40" class="org.audiveris.omr.ui.ViewParameters"     method="togglePartName"                              item="javax.swing.JCheckBoxMenuItem"/>
    <action domain="VIEW" section="50" class="org.audiveris.omr.ui.ViewParameters"     method="toggleStaffLines"    topic="SPECIFIC_ITEMS"  item="javax.swing.JCheckBoxMenuItem"/>
    <action domain="VIEW" section="50" class="org.audiveris.omr.ui.ViewParameters"     method="toggleStaffPoints"   topic="SPECIFIC_ITEMS"  item="javax.swing.JCheckBoxMenuItem"/>
    <action domain="VIEW" section="50" class="org.audiveris.omr.ui.ViewParameters"     method="toggleLines"         topic="SPECIFIC_ITEMS"  item="javax.swing.JCheckBoxMenuItem"/>
    <action domain="VIEW" section="50" class="org.audiveris.omr.ui.ViewParameters"     method="toggleAttachments"   topic="SPECIFIC_ITEMS"  item="javax.swing.JCheckBoxMenuItem"/>
<!--    <action domain="VIEW" section="50" class="org.audiveris.omr.ui.ViewParameters"     method="toggleMarks"         topic="SPECIFIC_ITEMS"  item="javax.swing.JCheckBoxMenuItem"/>-->
<!--    <action domain="VIEW" section="50" class="org.audiveris.omr.ui.ViewParameters"     method="toggleStaffPeaks"    topic="SPECIFIC_ITEMS"  item="javax.swing.JCheckBoxMenuItem"/>-->
<!--    <action domain="VIEW" section="50" class="org.audiveris.omr.ui.ViewParameters"     method="toggleLetters"       topic="SPECIFIC_ITEMS"  item="javax.swing.JCheckBoxMenuItem"/>-->
<!--    <action domain="VIEW" section="50" class="org.audiveris.omr.ui.ViewParameters"     method="toggleSentences"     topic="SPECIFIC_ITEMS"  item="javax.swing.JCheckBoxMenuItem"/>-->

    <action domain="TOOL" section="5"  class="org.audiveris.omr.ui.GuiActions"        method="installLanguages"/>
    <action domain="TOOL" section="10" class="org.audiveris.omr.ui.GuiActions"        method="browseGlobalSamples"  topic="SAMPLES"/>
    <action domain="TOOL" section="10" class="org.audiveris.omr.ui.GuiActions"        method="saveGlobalSamples"    topic="SAMPLES"/>
    <action domain="TOOL" section="10" class="org.audiveris.omr.ui.GuiActions"        method="browseLocalSamples"   topic="SAMPLES"/>
    <action domain="TOOL" section="10" class="org.audiveris.omr.ui.GuiActions"        method="launchTrainer"        topic="SAMPLES"/>
<!--    <action domain="TOOL" section="25"  class="org.audiveris.omr.ui.GuiActions" method="defineShapeColors" />-->
    <action domain="TOOL" section="30" class="org.audiveris.omr.ui.GuiActions"        method="showMemory" />
    <action domain="TOOL" section="40" class="org.audiveris.omr.ui.GuiActions"        method="defineConstants" />
    <action domain="TOOL" section="50" class="org.audiveris.omr.ui.GuiActions"        method="definePreferences" />

    <action domain="PLUGIN" section="10" class="org.audiveris.omr.sheet.ui.BookActions" method="invokeDefaultPlugin" button="javax.swing.JButton" />

    <action domain="DEBUG" section="30" class="org.audiveris.omr.sheet.ui.BookActions" method="browseBook"          topic="DEBUG"/>
    <action domain="DEBUG" section="50" class="org.audiveris.omr.ui.GuiActions"        method="clearLog"            topic="DEBUG"   button="javax.swing.JButton"/>
    <action domain="DEBUG" section="60" class="org.audiveris.omr.ui.GuiActions"        method="launchSymbolRipper"  topic="DEBUG"/>
    <action domain="DEBUG" section="70" class="org.audiveris.omr.sheet.ui.BookActions" method="dumpEventServices"   topic="DEBUG"/>
    
    <action domain="HELP" section="20" class="org.audiveris.omr.ui.GuiActions" method="showManual" />
    <action domain="HELP" section="30" class="org.audiveris.omr.ui.GuiActions" method="visitWiki" />
    <action domain="HELP" section="30" class="org.audiveris.omr.ui.GuiActions" method="visitWebSite" />
    <action domain="HELP" section="30" class="org.audiveris.omr.ui.GuiActions" method="checkUpdate" />
    <action domain="HELP" section="40" class="org.audiveris.omr.ui.GuiActions" method="showAbout" />

</actions>
